timestamp,run_id,class,level,offered,picked,combat_xp_this_fight
1779975558,"5","Mage","2","Sharper Cards|Opening Spark","Opening Spark","11"
1779975558,"5","Ranger","2","+4 Max HP|True Shot","True Shot","7"
1779975640,"5","Shaman","2","Sharper Cards|Lingering Rite","Lingering Rite","6"
1779977203,"6","Ranger","2","Brace|True Shot","True Shot","5"
1779983859,"7","Ranger","2","Better Guard|True Shot","True Shot","7"
1779983934,"7","Cleric","2","Steadier Hands|Overflowing Grace","Overflowing Grace","6"
1779984941,"8","Mage","2","Better Guard|Opening Spark","Opening Spark","6"
1779984942,"8","Rogue","2","Brace|Clean Payday","Clean Payday","5"
1779984943,"8","Ranger","2","Brace|True Shot","True Shot","7"
1780090451,"9","Shaman","2","Sharper Cards|Lingering Rite","Lingering Rite","5"
1780090481,"9","Guardian","2","Sharper Cards|Anchor Stance","Anchor Stance","2"
1780090599,"9","Cleric","2","Steadier Hands|Overflowing Grace","Overflowing Grace","5"
1780090600,"9","Shaman","3","Brace|Better Guard","Better Guard","17"
1780091456,"9","Mage","2","Brace|Opening Spark","Opening Spark","4"
1780091456,"9","Rogue","2","+4 Max HP|Clean Payday","Clean Payday","4"
1780091654,"9","Ranger","2","Better Guard|True Shot","True Shot","1"
1780091720,"9","Rogue","3","Brace|Steadier Hands","Steadier Hands","4"
1780091808,"9","Ranger","3","+4 Max HP|Steadier Hands","Steadier Hands","12"
1780092217,"10","Rogue","2","Steadier Hands|Clean Payday","Clean Payday","5"
1780092323,"10","Ranger","2","Better Guard|True Shot","True Shot","6"
1780092362,"10","Shaman","2","Better Guard|Lingering Rite","Lingering Rite","4"
1780117456,"10","Rogue","2","Brace|Clean Payday","Clean Payday","3"
1780117457,"10","Ranger","2","Steadier Hands|True Shot","True Shot","5"
1780118237,"10","Cleric","2","Better Guard|Overflowing Grace","Overflowing Grace","7"
1780118237,"10","Rogue","2","Better Guard|Clean Payday","Clean Payday","9"
1780118238,"10","Ranger","2","Better Guard|True Shot","True Shot","3"
1780118380,"10","Mage","2","Steadier Hands|Opening Spark","Opening Spark","4"
1780118640,"11","Mage","2","+4 Max HP|Opening Spark","Opening Spark","2"
1780118640,"11","Rogue","2","Steadier Hands|Clean Payday","Clean Payday","3"
1780118640,"11","Ranger","2","Steadier Hands|True Shot","True Shot","9"
1780119166,"12","Guardian","2","+4 Max HP|Anchor Stance","Anchor Stance","8"
1780119166,"12","Cleric","2","Better Guard|Overflowing Grace","Overflowing Grace","15"
1780119166,"12","Shaman","2","Brace|Lingering Rite","Lingering Rite","7"
1780119510,"12","Mage","2","+4 Max HP|Opening Spark","Opening Spark","3"
1780119531,"12","Rogue","2","Sharper Cards|Clean Payday","Clean Payday","5"
1780119624,"12","Ranger","2","+4 Max HP|True Shot","True Shot","10"
1780195834,"12","Rogue","2","+4 Max HP|Clean Payday","Clean Payday","2"
1780195834,"12","Ranger","2","Brace|True Shot","True Shot","5"
1780195875,"12","Cleric","2","+4 Max HP|Overflowing Grace","Overflowing Grace","4"
1780196024,"12","Ranger","3","Better Guard|Sharper Cards","Sharper Cards","10"
1780196062,"12","Rogue","3","Brace|Sharper Cards","Sharper Cards","5"
1780196192,"12","Cleric","3","+4 Max HP|Brace","+4 Max HP","12"
1780196487,"12","Ranger","4","Sharper Cards|Brace","Sharper Cards","18"
1780196641,"12","Cleric","4","+4 Max HP|Steadier Hands","+4 Max HP","3"
1780196895,"12","Rogue","4","+4 Max HP|Brace","+4 Max HP","20"
1780197046,"12","Ranger","5","Steadier Hands|Better Guard","Steadier Hands","15"
1780197580,"12","Rogue","5","Sharper Cards|Brace","Sharper Cards","13"
1780277057,"13","Mage","2","+4 Max HP|Opening Spark","Opening Spark","4"
1780277057,"13","Rogue","2","+4 Max HP|Clean Payday","Clean Payday","2"
1780277097,"13","Ranger","2","Sharper Cards|True Shot","True Shot","9"
1780277231,"13","Ranger","3","+4 Max HP|Sharper Cards","Sharper Cards","3"
1780277287,"13","Mage","3","Brace|Steadier Hands","Steadier Hands","8"
1780277287,"13","Rogue","3","Better Guard|Steadier Hands","Steadier Hands","4"
1780414227,"13","Guardian","2","Better Guard|Anchor Stance","Anchor Stance","5"
1780414338,"13","Mage","2","Sharper Cards|Opening Spark","Opening Spark","8"
1780414458,"13","Cleric","2","+4 Max HP|Overflowing Grace","Overflowing Grace","9"
1780423328,"13","Ranger","2","Brace|True Shot","True Shot","8"
1780423332,"13","Warlock","2","Sharper Cards|Deeper Rot","Deeper Rot","5"
1780423504,"13","Mage","2","Sharper Cards|Opening Spark","Opening Spark","2"
1780423650,"13","Warlock","3","Steadier Hands|Better Guard","Better Guard","20"
1780423967,"13","Warlock","4","Better Guard|Brace","Better Guard","20"
1780424199,"13","Ranger","3","Steadier Hands|Better Guard","Steadier Hands","7"
1780424367,"13","Mage","3","Brace|+4 Max HP","+4 Max HP","6"
1780424607,"13","Mage","4","Steadier Hands|Sharper Cards","Steadier Hands","14"
1780424610,"13","Ranger","4","Brace|+4 Max HP","+4 Max HP","14"
1780424776,"13","Warlock","5","Sharper Cards|+4 Max HP","+4 Max HP","16"
1780433444,"13","Ranger","5","Better Guard|+4 Max HP","+4 Max HP","17"
1780433598,"13","Warlock","6","+4 Max HP|Better Guard","+4 Max HP","20"
1780434339,"13","Ranger","6","Brace|Sharper Cards","Sharper Cards","20"
1780495493,"1","Ranger","2","Brace|True Shot","True Shot","3"
1780495529,"1","Mage","2","Brace|Opening Spark","Opening Spark","4"
1780495548,"1","Rogue","2","Brace|Clean Payday","Clean Payday","3"
1780505039,"1","Guardian","2","Sharper Cards|Anchor Stance","Anchor Stance","10"
1780505040,"1","Cleric","2","Better Guard|Overflowing Grace","Overflowing Grace","14"
1780505041,"1","Shaman","2","Better Guard|Lingering Rite","Lingering Rite","10"
1780507298,"1","Mage","2","Better Guard|Opening Spark","Better Guard","6"
1780507334,"1","Cleric","2","Brace|Overflowing Grace","Overflowing Grace","3"
1780540904,"1","Ranger","2","Better Guard|True Shot","True Shot","6"
1780540997,"1","Cleric","2","Better Guard|Overflowing Grace","Overflowing Grace","18"
1780540998,"1","Mage","2","Sharper Cards|Opening Spark","Opening Spark","1"
1780567539,"1","Mage","2","Iron Nerves|Arcane Reserve","Arcane Reserve","4"
1780567542,"1","Ranger","2","Morning Focus|True Shot","True Shot","3"
1780567568,"1","Cleric","2","Better Guard|Prayer Cycle","Prayer Cycle","4"
1780567871,"1","Ranger","3","Tactical Rhythm|Keen Edge","Tactical Rhythm","8"
1780568027,"1","Mage","3","Morning Focus|Spellcraft","Spellcraft","3"
1780568102,"1","Ranger","4","Sharper Cards|Scouting Route","Scouting Route","6"
1780568275,"1","Cleric","3","Sharper Cards|Gentle Light","Gentle Light","4"
1780568517,"1","Mage","4","Sharper Cards|Opening Spark","Sharper Cards","10"
1780573552,"2","Guardian","2","Brace|Guarded Entry","Guarded Entry","11"
1780573562,"2","Rogue","2","Quick Study|Quick Hands","Quick Hands","6"
1780573566,"2","Shaman","2","Steadier Hands|Totemic Rhythm","Totemic Rhythm","6"
1780573805,"2","Rogue","3","Sharper Cards|Dirty Work","Dirty Work","11"
1780574059,"2","Guardian","3","Iron Nerves|Reinforced Grip","Reinforced Grip","2"
1780574063,"2","Shaman","3","Brace|Lingering Rite","Lingering Rite","3"
1780574408,"2","Rogue","4","Morning Focus|Clean Payday","Clean Payday","7"
1780574778,"2","Shaman","4","Brace|Earthward","Earthward","5"
1780575387,"2","Rogue","5","Sharper Cards|Iron Nerves","Sharper Cards","11"
1780577652,"3","Ranger","2","+4 Max HP|True Shot","+4 Max HP","8"
1780577655,"3","Warlock","2","Morning Focus|Cruel Study","Cruel Study","4"
1780656088,"3","Warlock","2","Iron Nerves|Deeper Rot","Deeper Rot","5"
1780656276,"3","Cleric","2","Quick Study|Gentle Light","Quick Study","4"
1780656278,"3","Mage","2","Quick Study|Spellcraft","Quick Study","6"
1780656451,"3","Warlock","3","Morning Focus|Soul Battery","Morning Focus","16"
1780656763,"3","Mage","3","+4 Max HP|Arcane Reserve","+4 Max HP","8"
1780656765,"3","Warlock","4","Quick Study|Cruel Study","Quick Study","20"
1780678858,"3","Cleric","3","Better Guard|Gentle Light","Better Guard","7"
